﻿Designator,Footprint,Quantity,Value,LCSC Part #
"_2, 1, 2, 3",,4,,
"C1, C2, C7",0805,3,100n,
"C10, C9",0805,2,10u,
C3,CP_Radial_D10.0mm_P5.00mm,1,470u,
"C4, C5, C6",0805,3,470n,
"D1, D2, D3, D5, D6, D7, D8",D_DO-41_SOD81_P7.62mm_Horizontal,7,1N4001,
D4,LED_D5.0mm_Horizontal_O1.27mm_Z15.0mm,1,LED,
J1,PinSocket_1x08_P2.54mm_Vertical,1,Power,
J2,PinSocket_1x10_P2.54mm_Vertical,1,Digital/PWM,
J3,PinSocket_1x06_P2.54mm_Vertical,1,Analog,
J4,PinSocket_1x08_P2.54mm_Vertical,1,Digital/PWM,
"J5, J8","TerminalBlock_Phoenix_PT-1,5-2-5.0-H_1x02_P5.00mm_Horizontal",2,Screw_Terminal_01x02,
J6,PinHeader_1x04_P2.54mm_Vertical,1,Conn_01x04_Pin,
"Q1, Q2, Q3, Q4",TO-220-3_Vertical_GDS,4,IRFZ44N,
"R1, R2, R3, R4, R5",0805,5,1k,
"R10, R11, R6, R7",0805,4,47,
"R12, R13, R8, R9",0805,4,47k,
"U1, U2",SOIC-8_3.9x4.9mm_P1.27mm,2,IR2101,
U3,TO-220-3_Vertical,1,LM7812CT,
